{
  "metrics": {
    "psnr": 38.65803146362305,
    "ssim": 0.9750129580497742,
    "ms_ssim": 0.9925783276557922,
    "mse": 0.0001362061593681574
  },
  "patch_info": {
    "model_scale_factor": 2,
    "patch_size": 512,
    "output_patch_size": 1024,
    "generated_size": [
      2048,
      2048
    ],
    "ground_truth_size": [
      2048,
      2048
    ]
  }
}